{
  "botania:recipes/botania/alfheim_portal": {
    "criteria": {
      "has_item": "2020-12-18 15:12:16 +0100"
    },
    "done": true
  },
  "repurposed_structures:shipwrecks": {
    "criteria": {
      "always": "2020-11-25 19:15:16 +0100"
    },
    "done": true
  },
  "botania:recipes/botania/thorn_chakram": {
    "criteria": {
      "has_item": "2020-12-18 15:12:16 +0100"
    },
    "done": true
  },
  "repurposed_structures:igloos": {
    "criteria": {
      "always": "2020-11-25 19:15:16 +0100"
    },
    "done": true
  },
  "botania:main/terrasteel_weapon_craft": {
    "criteria": {
      "terrablade": "2020-12-18 15:16:04 +0100"
    },
    "done": true
  },
  "repurposed_structures:pyramids": {
    "criteria": {
      "always": "2020-11-25 19:15:16 +0100"
    },
    "done": true
  },
  "minecraft:recipes/redstone/repeater": {
    "criteria": {
      "has_redstone_torch": "2020-12-18 19:15:28 +0100"
    },
    "done": true
  },
  "botania:main/terrasteel_pickup": {
    "criteria": {
      "terrasteel": "2020-12-18 15:12:16 +0100"
    },
    "done": true
  },
  "repurposed_structures:villages": {
    "criteria": {
      "always": "2020-11-25 19:15:16 +0100"
    },
    "done": true
  },
  "botania:recipes/botania/terra_axe": {
    "criteria": {
      "has_item": "2020-12-18 15:12:16 +0100"
    },
    "done": true
  },
  "botania:recipes/botania/terrasteel_helmet": {
    "criteria": {
      "has_item": "2020-12-18 15:12:16 +0100"
    },
    "done": true
  },
  "botania:recipes/botania/terra_sword": {
    "criteria": {
      "has_item": "2020-12-18 15:12:16 +0100"
    },
    "done": true
  },
  "botania:recipes/botania/terraform_rod": {
    "criteria": {
      "has_item": "2020-12-18 15:12:16 +0100"
    },
    "done": true
  },
  "biomesoplenty:recipes/transportation/umbran_boat": {
    "criteria": {
      "in_water": "2020-12-18 19:56:28 +0100"
    },
    "done": true
  },
  "biomesoplenty:recipes/transportation/willow_boat": {
    "criteria": {
      "in_water": "2020-12-18 19:56:28 +0100"
    },
    "done": true
  },
  "astralsorcery:root": {
    "criteria": {
      "astralsorcery_present": "2020-11-25 19:15:16 +0100"
    },
    "done": true
  },
  "biomesoplenty:recipes/transportation/palm_boat": {
    "criteria": {
      "in_water": "2020-12-18 19:56:28 +0100"
    },
    "done": true
  },
  "biomesoplenty:biomesoplenty/all_biomes": {
    "criteria": {
      "shrubland": "2020-12-18 19:13:36 +0100",
      "highland": "2020-12-18 19:57:14 +0100",
      "orchard": "2020-12-18 15:08:10 +0100",
      "alps": "2020-12-18 19:12:49 +0100",
      "dryland": "2020-12-18 19:16:01 +0100",
      "dry_boneyard": "2020-12-18 19:28:38 +0100",
      "highland_moor": "2020-12-18 19:57:23 +0100",
      "dead_forest": "2020-12-18 19:13:02 +0100",
      "highland_crag": "2020-12-18 19:57:22 +0100",
      "shrubland_hills": "2020-12-18 19:13:19 +0100",
      "burnt_forest": "2020-12-18 19:13:05 +0100"
    },
    "done": false
  },
  "botaniaadditions:recipes/botaniaadditions/terra_shovel": {
    "criteria": {
      "has_item": "2020-12-18 15:12:16 +0100"
    },
    "done": true
  },
  "biomesoplenty:recipes/transportation/hellbark_boat": {
    "criteria": {
      "in_water": "2020-12-18 19:56:28 +0100"
    },
    "done": true
  },
  "botania:recipes/botania/mana_mirror": {
    "criteria": {
      "has_alt_item": "2020-12-18 15:12:16 +0100"
    },
    "done": true
  },
  "minecraft:adventure/adventuring_time": {
    "criteria": {
      "minecraft:cold_ocean": "2020-12-18 19:57:40 +0100",
      "minecraft:forest": "2020-12-18 19:13:22 +0100",
      "minecraft:deep_cold_ocean": "2020-12-18 19:56:22 +0100",
      "minecraft:birch_forest": "2020-12-18 19:15:30 +0100",
      "minecraft:river": "2020-12-18 20:02:06 +0100",
      "minecraft:birch_forest_hills": "2020-12-18 19:15:18 +0100",
      "minecraft:plains": "2020-11-25 19:15:16 +0100"
    },
    "done": false
  },
  "biomesoplenty:recipes/transportation/redwood_boat": {
    "criteria": {
      "in_water": "2020-12-18 19:56:28 +0100"
    },
    "done": true
  },
  "biomesoplenty:recipes/transportation/mahogany_boat": {
    "criteria": {
      "in_water": "2020-12-18 19:56:28 +0100"
    },
    "done": true
  },
  "iceandfire:iceandfire/root": {
    "criteria": {
      "tick": "2020-11-25 19:15:16 +0100"
    },
    "done": true
  },
  "repurposed_structures:outposts": {
    "criteria": {
      "always": "2020-11-25 19:15:16 +0100"
    },
    "done": true
  },
  "minecraft:recipes/decorations/chest": {
    "criteria": {
      "has_lots_of_items": "2020-12-18 15:16:13 +0100"
    },
    "done": true
  },
  "minecraft:recipes/transportation/birch_boat": {
    "criteria": {
      "in_water": "2020-12-18 19:56:28 +0100"
    },
    "done": true
  },
  "aiotbotania:recipes/aiotbotania/terra_hoe": {
    "criteria": {
      "has_material": "2020-12-18 15:12:16 +0100"
    },
    "done": true
  },
  "dungeons_plus:adventure/find_tower": {
    "criteria": {
      "structure": "2020-12-18 15:09:23 +0100"
    },
    "done": true
  },
  "botaniaadditions:recipes/botaniaadditions/terra_bow": {
    "criteria": {
      "has_item": "2020-12-18 15:12:16 +0100"
    },
    "done": true
  },
  "immersiveengineering:recipes/immersiveengineering/crafting/jerrycan": {
    "criteria": {
      "has_bucket": "2020-12-18 20:02:57 +0100"
    },
    "done": true
  },
  "ironchest:recipes/ironchest/chests/vanilla_dirt_chest": {
    "criteria": {
      "has_iron_ingot": "2020-12-18 21:45:03 +0100"
    },
    "done": true
  },
  "trashcans:recipes/search/liquid_trash_can": {
    "criteria": {
      "bucket": "2020-12-18 20:02:57 +0100"
    },
    "done": true
  },
  "minecraft:recipes/transportation/acacia_boat": {
    "criteria": {
      "in_water": "2020-12-18 19:56:28 +0100"
    },
    "done": true
  },
  "apotheosis:spawner/root": {
    "criteria": {
      "game_start": "2020-11-25 19:15:16 +0100"
    },
    "done": true
  },
  "bluepower:root": {
    "criteria": {
      "root": "2020-11-25 19:15:16 +0100"
    },
    "done": true
  },
  "botania:recipes/botania/natura_pylon": {
    "criteria": {
      "has_alt_item": "2020-12-18 15:12:16 +0100"
    },
    "done": true
  },
  "biomesoplenty:recipes/transportation/dead_boat": {
    "criteria": {
      "in_water": "2020-12-18 19:56:28 +0100"
    },
    "done": true
  },
  "repurposed_structures:mineshafts": {
    "criteria": {
      "always": "2020-11-25 19:15:16 +0100"
    },
    "done": true
  },
  "minecraft:recipes/transportation/jungle_boat": {
    "criteria": {
      "in_water": "2020-12-18 19:56:28 +0100"
    },
    "done": true
  },
  "minecraft:recipes/transportation/spruce_boat": {
    "criteria": {
      "in_water": "2020-12-18 19:56:28 +0100"
    },
    "done": true
  },
  "pneumaticcraft:oil_bucket": {
    "criteria": {
      "oil_bucket": "2020-12-18 20:03:06 +0100"
    },
    "done": true
  },
  "silentgems:luminous_flower_pot": {
    "criteria": {
      "get_pot": "2020-11-25 19:15:16 +0100"
    },
    "done": false
  },
  "repurposed_structures:fortresses": {
    "criteria": {
      "always": "2020-11-25 19:15:16 +0100"
    },
    "done": true
  },
  "botania:recipes/botania/animated_torch": {
    "criteria": {
      "has_item": "2020-12-18 19:15:28 +0100"
    },
    "done": true
  },
  "minecraft:recipes/transportation/dark_oak_boat": {
    "criteria": {
      "in_water": "2020-12-18 19:56:28 +0100"
    },
    "done": true
  },
  "botania:recipes/botania/thunder_sword": {
    "criteria": {
      "has_terrasteel": "2020-12-18 15:12:16 +0100"
    },
    "done": true
  },
  "tombstone:adventure/root": {
    "criteria": {
      "auto": "2020-11-25 19:15:16 +0100"
    },
    "done": true
  },
  "botania:recipes/botania/terrasteel_leggings": {
    "criteria": {
      "has_item": "2020-12-18 15:12:16 +0100"
    },
    "done": true
  },
  "botania:recipes/botania/terra_pick": {
    "criteria": {
      "has_item": "2020-12-18 15:12:16 +0100"
    },
    "done": true
  },
  "rats:ratlantis/root": {
    "criteria": {
      "tick": "2020-12-18 19:10:17 +0100"
    },
    "done": true
  },
  "repurposed_structures:temples": {
    "criteria": {
      "always": "2020-11-25 19:15:16 +0100"
    },
    "done": true
  },
  "repurposed_structures:ruined_portals": {
    "criteria": {
      "always": "2020-11-25 19:15:16 +0100"
    },
    "done": true
  },
  "repurposed_structures:outpost/outpost_birch": {
    "criteria": {
      "in_outpost_birch": "2020-12-18 19:15:57 +0100"
    },
    "done": true
  },
  "botania:recipes/botania/terrasteel_block": {
    "criteria": {
      "has_item": "2020-12-18 15:12:16 +0100"
    },
    "done": true
  },
  "botania:recipes/botania/terrasteel_chestplate": {
    "criteria": {
      "has_item": "2020-12-18 15:12:16 +0100"
    },
    "done": true
  },
  "xnet:recipes/xnet/redstoneproxy_update": {
    "criteria": {
      "torch": "2020-12-18 19:15:28 +0100"
    },
    "done": true
  },
  "biomesoplenty:recipes/transportation/jacaranda_boat": {
    "criteria": {
      "in_water": "2020-12-18 19:56:28 +0100"
    },
    "done": true
  },
  "botania:recipes/botania/terrasteel_boots": {
    "criteria": {
      "has_item": "2020-12-18 15:12:16 +0100"
    },
    "done": true
  },
  "botania:recipes/botania/mana_ring_greater": {
    "criteria": {
      "has_item": "2020-12-18 15:12:16 +0100"
    },
    "done": true
  },
  "botania:recipes/botania/aura_ring_greater": {
    "criteria": {
      "has_item": "2020-12-18 15:12:16 +0100"
    },
    "done": true
  },
  "biomesoplenty:biomesoplenty/root": {
    "criteria": {
      "orchard": "2020-12-18 15:08:10 +0100"
    },
    "done": true
  },
  "adventure:root": {
    "criteria": {
      "Block": "2020-12-18 19:10:17 +0100"
    },
    "done": true
  },
  "biomesoplenty:recipes/transportation/magic_boat": {
    "criteria": {
      "in_water": "2020-12-18 19:56:28 +0100"
    },
    "done": true
  },
  "botania:recipes/botania/conversions/terrasteel_block_deconstruct": {
    "criteria": {
      "has_item": "2020-12-18 15:12:16 +0100"
    },
    "done": true
  },
  "botania:recipes/botania/star_sword": {
    "criteria": {
      "has_terrasteel": "2020-12-18 15:12:16 +0100"
    },
    "done": true
  },
  "usefulbackpacks:recipes/backpack_medium": {
    "criteria": {
      "has_small_backpack": "2020-11-25 19:15:16 +0100"
    },
    "done": true
  },
  "aiotbotania:recipes/aiotbotania/terra_shovel": {
    "criteria": {
      "has_material": "2020-12-18 15:12:16 +0100"
    },
    "done": true
  },
  "minecraft:recipes/transportation/oak_boat": {
    "criteria": {
      "in_water": "2020-12-18 19:56:28 +0100"
    },
    "done": true
  },
  "biomesoplenty:recipes/transportation/cherry_boat": {
    "criteria": {
      "in_water": "2020-12-18 19:56:28 +0100"
    },
    "done": true
  },
  "silentgear:swords": {
    "criteria": {
      "machete": "2020-11-25 19:15:16 +0100"
    },
    "done": false
  },
  "biomesoplenty:recipes/transportation/fir_boat": {
    "criteria": {
      "in_water": "2020-12-18 19:56:28 +0100"
    },
    "done": true
  },
  "repurposed_structures:strongholds": {
    "criteria": {
      "always": "2020-11-25 19:15:16 +0100"
    },
    "done": true
  },
  "farlanders:root": {
    "criteria": {
      "attack": "2020-12-18 15:09:18 +0100"
    },
    "done": true
  },
  "repurposed_structures:root": {
    "criteria": {
      "always": "2020-11-25 19:15:16 +0100"
    },
    "done": true
  },
  "DataVersion": 2584
}