{
  "repurposed_structures:shipwrecks": {
    "criteria": {
      "always": "2020-11-14 11:54:21 +0100"
    },
    "done": true
  },
  "silentgems:luminous_flower_pot": {
    "criteria": {
      "get_pot": "2020-11-14 11:54:21 +0100"
    },
    "done": false
  },
  "repurposed_structures:fortresses": {
    "criteria": {
      "always": "2020-11-14 11:54:21 +0100"
    },
    "done": true
  },
  "minecraft:recipes/transportation/dark_oak_boat": {
    "criteria": {
      "in_water": "2020-11-14 13:30:50 +0100"
    },
    "done": true
  },
  "repurposed_structures:igloos": {
    "criteria": {
      "always": "2020-11-14 11:54:21 +0100"
    },
    "done": true
  },
  "repurposed_structures:pyramids": {
    "criteria": {
      "always": "2020-11-14 11:54:21 +0100"
    },
    "done": true
  },
  "tombstone:adventure/root": {
    "criteria": {
      "auto": "2020-11-14 11:54:21 +0100"
    },
    "done": true
  },
  "repurposed_structures:temples": {
    "criteria": {
      "always": "2020-11-14 11:54:21 +0100"
    },
    "done": true
  },
  "repurposed_structures:villages": {
    "criteria": {
      "always": "2020-11-14 11:54:21 +0100"
    },
    "done": true
  },
  "repurposed_structures:ruined_portals": {
    "criteria": {
      "always": "2020-11-14 11:54:21 +0100"
    },
    "done": true
  },
  "biomesoplenty:recipes/transportation/umbran_boat": {
    "criteria": {
      "in_water": "2020-11-14 13:30:50 +0100"
    },
    "done": true
  },
  "biomesoplenty:recipes/transportation/willow_boat": {
    "criteria": {
      "in_water": "2020-11-14 13:30:50 +0100"
    },
    "done": true
  },
  "biomesoplenty:recipes/transportation/palm_boat": {
    "criteria": {
      "in_water": "2020-11-14 13:30:50 +0100"
    },
    "done": true
  },
  "biomesoplenty:biomesoplenty/all_biomes": {
    "criteria": {
      "seasonal_pumpkin_patch": "2020-11-14 13:48:50 +0100",
      "seasonal_orchard": "2020-11-14 13:49:01 +0100"
    },
    "done": false
  },
  "biomesoplenty:recipes/transportation/hellbark_boat": {
    "criteria": {
      "in_water": "2020-11-14 13:30:50 +0100"
    },
    "done": true
  },
  "biomesoplenty:recipes/transportation/jacaranda_boat": {
    "criteria": {
      "in_water": "2020-11-14 13:30:50 +0100"
    },
    "done": true
  },
  "minecraft:adventure/adventuring_time": {
    "criteria": {
      "minecraft:forest": "2020-11-14 13:49:02 +0100",
      "minecraft:deep_lukewarm_ocean": "2020-11-14 11:54:21 +0100",
      "minecraft:beach": "2020-11-14 13:49:34 +0100",
      "minecraft:river": "2020-11-14 13:49:23 +0100",
      "minecraft:wooded_hills": "2020-11-14 13:49:24 +0100",
      "minecraft:plains": "2020-11-14 13:50:05 +0100"
    },
    "done": false
  },
  "biomesoplenty:biomesoplenty/root": {
    "criteria": {
      "seasonal_pumpkin_patch": "2020-11-14 13:48:50 +0100"
    },
    "done": true
  },
  "biomesoplenty:recipes/transportation/magic_boat": {
    "criteria": {
      "in_water": "2020-11-14 13:30:50 +0100"
    },
    "done": true
  },
  "biomesoplenty:recipes/transportation/redwood_boat": {
    "criteria": {
      "in_water": "2020-11-14 13:30:50 +0100"
    },
    "done": true
  },
  "biomesoplenty:recipes/transportation/mahogany_boat": {
    "criteria": {
      "in_water": "2020-11-14 13:30:50 +0100"
    },
    "done": true
  },
  "iceandfire:iceandfire/root": {
    "criteria": {
      "tick": "2020-11-14 11:54:21 +0100"
    },
    "done": true
  },
  "repurposed_structures:outposts": {
    "criteria": {
      "always": "2020-11-14 11:54:21 +0100"
    },
    "done": true
  },
  "minecraft:recipes/transportation/birch_boat": {
    "criteria": {
      "in_water": "2020-11-14 13:30:50 +0100"
    },
    "done": true
  },
  "usefulbackpacks:recipes/backpack_medium": {
    "criteria": {
      "has_small_backpack": "2020-11-14 11:54:21 +0100"
    },
    "done": true
  },
  "minecraft:recipes/transportation/acacia_boat": {
    "criteria": {
      "in_water": "2020-11-14 13:30:50 +0100"
    },
    "done": true
  },
  "apotheosis:spawner/root": {
    "criteria": {
      "game_start": "2020-11-14 11:54:21 +0100"
    },
    "done": true
  },
  "minecraft:recipes/transportation/oak_boat": {
    "criteria": {
      "in_water": "2020-11-14 13:30:50 +0100"
    },
    "done": true
  },
  "bluepower:root": {
    "criteria": {
      "root": "2020-11-14 11:54:21 +0100"
    },
    "done": true
  },
  "biomesoplenty:recipes/transportation/cherry_boat": {
    "criteria": {
      "in_water": "2020-11-14 13:30:50 +0100"
    },
    "done": true
  },
  "biomesoplenty:recipes/transportation/dead_boat": {
    "criteria": {
      "in_water": "2020-11-14 13:30:50 +0100"
    },
    "done": true
  },
  "silentgear:swords": {
    "criteria": {
      "machete": "2020-11-14 11:54:21 +0100"
    },
    "done": false
  },
  "repurposed_structures:mineshafts": {
    "criteria": {
      "always": "2020-11-14 11:54:21 +0100"
    },
    "done": true
  },
  "minecraft:recipes/transportation/jungle_boat": {
    "criteria": {
      "in_water": "2020-11-14 13:30:50 +0100"
    },
    "done": true
  },
  "biomesoplenty:recipes/transportation/fir_boat": {
    "criteria": {
      "in_water": "2020-11-14 13:30:50 +0100"
    },
    "done": true
  },
  "repurposed_structures:strongholds": {
    "criteria": {
      "always": "2020-11-14 11:54:21 +0100"
    },
    "done": true
  },
  "minecraft:recipes/transportation/spruce_boat": {
    "criteria": {
      "in_water": "2020-11-14 13:30:50 +0100"
    },
    "done": true
  },
  "repurposed_structures:root": {
    "criteria": {
      "always": "2020-11-14 11:54:21 +0100"
    },
    "done": true
  },
  "DataVersion": 2584
}