{
  "repurposed_structures:shipwrecks": {
    "criteria": {
      "always": "2020-11-17 18:22:32 +0100"
    },
    "done": true
  },
  "silentgems:luminous_flower_pot": {
    "criteria": {
      "get_pot": "2020-11-17 18:22:32 +0100"
    },
    "done": false
  },
  "repurposed_structures:fortresses": {
    "criteria": {
      "always": "2020-11-17 18:22:32 +0100"
    },
    "done": true
  },
  "minecraft:recipes/transportation/dark_oak_boat": {
    "criteria": {
      "in_water": "2020-11-17 19:46:16 +0100"
    },
    "done": true
  },
  "repurposed_structures:igloos": {
    "criteria": {
      "always": "2020-11-17 18:22:32 +0100"
    },
    "done": true
  },
  "repurposed_structures:pyramids": {
    "criteria": {
      "always": "2020-11-17 18:22:32 +0100"
    },
    "done": true
  },
  "tombstone:adventure/root": {
    "criteria": {
      "auto": "2020-11-17 18:22:32 +0100"
    },
    "done": true
  },
  "repurposed_structures:temples": {
    "criteria": {
      "always": "2020-11-17 18:22:32 +0100"
    },
    "done": true
  },
  "repurposed_structures:villages": {
    "criteria": {
      "always": "2020-11-17 18:22:32 +0100"
    },
    "done": true
  },
  "repurposed_structures:ruined_portals": {
    "criteria": {
      "always": "2020-11-17 18:22:32 +0100"
    },
    "done": true
  },
  "biomesoplenty:recipes/transportation/umbran_boat": {
    "criteria": {
      "in_water": "2020-11-17 19:46:16 +0100"
    },
    "done": true
  },
  "biomesoplenty:recipes/transportation/willow_boat": {
    "criteria": {
      "in_water": "2020-11-17 19:46:16 +0100"
    },
    "done": true
  },
  "biomesoplenty:recipes/transportation/palm_boat": {
    "criteria": {
      "in_water": "2020-11-17 19:46:16 +0100"
    },
    "done": true
  },
  "biomesoplenty:biomesoplenty/all_biomes": {
    "criteria": {
      "scrubland": "2020-11-17 19:38:29 +0100",
      "wooded_scrubland": "2020-11-17 19:13:59 +0100",
      "lush_desert": "2020-11-17 19:12:35 +0100",
      "golden_prairie": "2020-11-17 19:12:47 +0100",
      "lavender_field": "2020-11-17 19:37:27 +0100",
      "prairie": "2020-11-17 18:22:32 +0100",
      "grove": "2020-11-17 19:37:32 +0100"
    },
    "done": false
  },
  "biomesoplenty:recipes/transportation/hellbark_boat": {
    "criteria": {
      "in_water": "2020-11-17 19:46:16 +0100"
    },
    "done": true
  },
  "biomesoplenty:recipes/transportation/jacaranda_boat": {
    "criteria": {
      "in_water": "2020-11-17 19:46:16 +0100"
    },
    "done": true
  },
  "minecraft:adventure/adventuring_time": {
    "criteria": {
      "minecraft:savanna_plateau": "2020-11-17 19:38:27 +0100",
      "minecraft:river": "2020-11-17 19:05:22 +0100",
      "minecraft:savanna": "2020-11-17 19:03:45 +0100",
      "minecraft:plains": "2020-11-17 19:37:50 +0100"
    },
    "done": false
  },
  "biomesoplenty:biomesoplenty/root": {
    "criteria": {
      "prairie": "2020-11-17 18:22:32 +0100"
    },
    "done": true
  },
  "biomesoplenty:recipes/transportation/magic_boat": {
    "criteria": {
      "in_water": "2020-11-17 19:46:16 +0100"
    },
    "done": true
  },
  "biomesoplenty:recipes/transportation/redwood_boat": {
    "criteria": {
      "in_water": "2020-11-17 19:46:16 +0100"
    },
    "done": true
  },
  "biomesoplenty:recipes/transportation/mahogany_boat": {
    "criteria": {
      "in_water": "2020-11-17 19:46:16 +0100"
    },
    "done": true
  },
  "iceandfire:iceandfire/root": {
    "criteria": {
      "tick": "2020-11-17 18:22:32 +0100"
    },
    "done": true
  },
  "repurposed_structures:outposts": {
    "criteria": {
      "always": "2020-11-17 18:22:32 +0100"
    },
    "done": true
  },
  "minecraft:recipes/transportation/birch_boat": {
    "criteria": {
      "in_water": "2020-11-17 19:46:16 +0100"
    },
    "done": true
  },
  "usefulbackpacks:recipes/backpack_medium": {
    "criteria": {
      "has_small_backpack": "2020-11-17 18:22:32 +0100"
    },
    "done": true
  },
  "minecraft:recipes/transportation/acacia_boat": {
    "criteria": {
      "in_water": "2020-11-17 19:46:16 +0100"
    },
    "done": true
  },
  "minecraft:recipes/transportation/oak_boat": {
    "criteria": {
      "in_water": "2020-11-17 19:46:16 +0100"
    },
    "done": true
  },
  "apotheosis:spawner/root": {
    "criteria": {
      "game_start": "2020-11-17 18:22:32 +0100"
    },
    "done": true
  },
  "bluepower:root": {
    "criteria": {
      "root": "2020-11-17 18:22:32 +0100"
    },
    "done": true
  },
  "biomesoplenty:recipes/transportation/cherry_boat": {
    "criteria": {
      "in_water": "2020-11-17 19:46:16 +0100"
    },
    "done": true
  },
  "biomesoplenty:recipes/transportation/dead_boat": {
    "criteria": {
      "in_water": "2020-11-17 19:46:16 +0100"
    },
    "done": true
  },
  "silentgear:swords": {
    "criteria": {
      "machete": "2020-11-17 18:22:32 +0100"
    },
    "done": false
  },
  "repurposed_structures:mineshafts": {
    "criteria": {
      "always": "2020-11-17 18:22:32 +0100"
    },
    "done": true
  },
  "minecraft:recipes/transportation/jungle_boat": {
    "criteria": {
      "in_water": "2020-11-17 19:46:16 +0100"
    },
    "done": true
  },
  "biomesoplenty:recipes/transportation/fir_boat": {
    "criteria": {
      "in_water": "2020-11-17 19:46:16 +0100"
    },
    "done": true
  },
  "repurposed_structures:strongholds": {
    "criteria": {
      "always": "2020-11-17 18:22:32 +0100"
    },
    "done": true
  },
  "minecraft:recipes/transportation/spruce_boat": {
    "criteria": {
      "in_water": "2020-11-17 19:46:16 +0100"
    },
    "done": true
  },
  "repurposed_structures:root": {
    "criteria": {
      "always": "2020-11-17 18:22:32 +0100"
    },
    "done": true
  },
  "DataVersion": 2584
}