{
  "immersiveengineering:recipes/immersiveengineering/crafting/alu_wallmount": {
    "criteria": {
      "has_aluminum_ingot": "2020-12-20 14:07:22 +0100"
    },
    "done": true
  },
  "securitycraft:recipes/securitycraft/universal_block_remover": {
    "criteria": {
      "has_iron": "2020-12-30 11:08:07 +0100"
    },
    "done": true
  },
  "immersiveengineering:recipes/immersiveengineering/crafting/empty_shell": {
    "criteria": {
      "has_coppper_ingot": "2020-12-30 11:18:43 +0100"
    },
    "done": true
  },
  "botania:recipes/botania/alfheim_portal": {
    "criteria": {
      "has_item": "2020-12-18 15:12:16 +0100"
    },
    "done": true
  },
  "immersiveengineering:recipes/immersiveengineering/crafting/capacitor_lv": {
    "criteria": {
      "has_copper_ingot": "2020-12-30 11:18:43 +0100"
    },
    "done": true
  },
  "rftoolsstorage:recipes/rftoolsstorage/storage_control_module": {
    "criteria": {
      "ingot": "2020-12-30 11:08:07 +0100"
    },
    "done": true
  },
  "ironchest:recipes/ironchest/chests/vanilla_copper_chest": {
    "criteria": {
      "has_item": "2020-12-30 11:18:43 +0100"
    },
    "done": true
  },
  "repurposed_structures:igloos": {
    "criteria": {
      "always": "2020-11-25 19:15:16 +0100"
    },
    "done": true
  },
  "repurposed_structures:pyramids": {
    "criteria": {
      "always": "2020-11-25 19:15:16 +0100"
    },
    "done": true
  },
  "minecraft:recipes/combat/iron_sword": {
    "criteria": {
      "has_iron_ingot": "2020-12-30 11:08:07 +0100"
    },
    "done": true
  },
  "rftoolsutility:recipes/rftoolsutility/fluid_module": {
    "criteria": {
      "ingot": "2020-12-30 11:08:07 +0100"
    },
    "done": true
  },
  "botania:recipes/botania/terrasteel_helmet": {
    "criteria": {
      "has_item": "2020-12-18 15:12:16 +0100"
    },
    "done": true
  },
  "usefulrailroads:recipes/single_track_builder": {
    "criteria": {
      "has_iron": "2020-12-30 11:08:07 +0100"
    },
    "done": true
  },
  "biomesoplenty:recipes/transportation/willow_boat": {
    "criteria": {
      "in_water": "2020-12-18 19:56:28 +0100"
    },
    "done": true
  },
  "immersiveengineering:recipes/immersiveengineering/crafting/plate_steel_hammering": {
    "criteria": {
      "has_steel_ingot": "2020-12-30 11:15:47 +0100"
    },
    "done": true
  },
  "immersiveengineering:recipes/immersiveengineering/crafting/armor_faraday_head": {
    "criteria": {
      "has_alu_plate": "2020-12-30 14:47:54 +0100"
    },
    "done": true
  },
  "astralsorcery:root": {
    "criteria": {
      "astralsorcery_present": "2020-11-25 19:15:16 +0100"
    },
    "done": true
  },
  "securitycraft:recipes/securitycraft/sentry": {
    "criteria": {
      "has_iron": "2020-12-30 11:08:07 +0100"
    },
    "done": true
  },
  "minecraft:recipes/tools/iron_pickaxe": {
    "criteria": {
      "has_iron_ingot": "2020-12-30 11:08:07 +0100"
    },
    "done": true
  },
  "constructionwand:recipes/tools/iron_wand": {
    "criteria": {
      "has_item": "2020-12-30 11:08:07 +0100"
    },
    "done": true
  },
  "biomesoplenty:recipes/transportation/mahogany_boat": {
    "criteria": {
      "in_water": "2020-12-18 19:56:28 +0100"
    },
    "done": true
  },
  "iceandfire:iceandfire/root": {
    "criteria": {
      "tick": "2020-11-25 19:15:16 +0100"
    },
    "done": true
  },
  "minecraft:recipes/misc/iron_nugget": {
    "criteria": {
      "has_iron_ingot": "2020-12-30 11:08:07 +0100"
    },
    "done": true
  },
  "minecraft:recipes/decorations/chest": {
    "criteria": {
      "has_lots_of_items": "2020-12-18 15:16:13 +0100"
    },
    "done": true
  },
  "immersiveengineering:recipes/immersiveengineering/crafting/stick_iron": {
    "criteria": {
      "has_iron_ingot": "2020-12-30 11:08:07 +0100"
    },
    "done": true
  },
  "immersiveengineering:recipes/immersiveengineering/crafting/chute_iron": {
    "criteria": {
      "has_plate": "2020-12-30 14:46:50 +0100"
    },
    "done": true
  },
  "aiotbotania:recipes/aiotbotania/terra_hoe": {
    "criteria": {
      "has_material": "2020-12-18 15:12:16 +0100"
    },
    "done": true
  },
  "create:recipes/create.base/crafting/kinetics/fluid_valve": {
    "criteria": {
      "has_item": "2020-12-30 11:18:43 +0100"
    },
    "done": true
  },
  "ironchest:recipes/ironchest/chests/vanilla_dirt_chest": {
    "criteria": {
      "has_iron_ingot": "2020-12-18 21:45:03 +0100"
    },
    "done": true
  },
  "rftoolsstorage:recipes/rftoolsstorage/dump_module": {
    "criteria": {
      "ingot": "2020-12-30 11:08:07 +0100"
    },
    "done": true
  },
  "botania:recipes/botania/apothecary_default": {
    "criteria": {
      "has_item": "2020-12-30 10:49:52 +0100"
    },
    "done": true
  },
  "bluepower:root": {
    "criteria": {
      "root": "2020-11-25 19:15:16 +0100"
    },
    "done": true
  },
  "biomesoplenty:recipes/transportation/dead_boat": {
    "criteria": {
      "in_water": "2020-12-18 19:56:28 +0100"
    },
    "done": true
  },
  "minecraft:recipes/tools/shears": {
    "criteria": {
      "has_iron_ingot": "2020-12-30 11:08:07 +0100"
    },
    "done": true
  },
  "immersiveengineering:recipes/immersiveengineering/crafting/connector_lv": {
    "criteria": {
      "has_copper_ingot": "2020-12-30 11:18:43 +0100"
    },
    "done": true
  },
  "minecraft:recipes/transportation/spruce_boat": {
    "criteria": {
      "in_water": "2020-12-18 19:56:28 +0100"
    },
    "done": true
  },
  "securitycraft:recipes/securitycraft/blacklist_module": {
    "criteria": {
      "has_iron": "2020-12-30 11:08:07 +0100"
    },
    "done": true
  },
  "immersiveengineering:recipes/immersiveengineering/crafting/armor_steel_chest": {
    "criteria": {
      "has_steel_plate": "2020-12-30 14:48:06 +0100"
    },
    "done": true
  },
  "botania:recipes/botania/animated_torch": {
    "criteria": {
      "has_item": "2020-12-18 19:15:28 +0100"
    },
    "done": true
  },
  "botania:recipes/botania/thunder_sword": {
    "criteria": {
      "has_terrasteel": "2020-12-18 15:12:16 +0100"
    },
    "done": true
  },
  "securitycraft:recipes/securitycraft/electrified_iron_fence": {
    "criteria": {
      "has_iron": "2020-12-30 11:08:07 +0100"
    },
    "done": true
  },
  "securitycraft:recipes/securitycraft/harming_module": {
    "criteria": {
      "has_iron": "2020-12-30 11:08:07 +0100"
    },
    "done": true
  },
  "botania:recipes/botania/conversions/light_blue_petal_block_deconstruct": {
    "criteria": {
      "has_item": "2020-12-30 10:49:52 +0100"
    },
    "done": true
  },
  "minecraft:recipes/combat/iron_leggings": {
    "criteria": {
      "has_iron_ingot": "2020-12-30 11:08:07 +0100"
    },
    "done": true
  },
  "immersiveengineering:main/make_steel": {
    "criteria": {
      "steel": "2020-12-30 11:15:47 +0100"
    },
    "done": true
  },
  "immersiveengineering:recipes/immersiveengineering/crafting/sword_steel": {
    "criteria": {
      "has_steel_ingot": "2020-12-30 11:15:47 +0100"
    },
    "done": true
  },
  "botania:recipes/botania/terrasteel_block": {
    "criteria": {
      "has_item": "2020-12-18 15:12:16 +0100"
    },
    "done": true
  },
  "immersiveengineering:recipes/immersiveengineering/crafting/survey_tools": {
    "criteria": {
      "has_hammer": "2020-12-30 10:54:10 +0100"
    },
    "done": true
  },
  "tombstone:recipes/from_grave_key": {
    "criteria": {
      "has_ingredient": "2020-12-21 14:45:13 +0100"
    },
    "done": true
  },
  "fluidsystem:recipes/fluidsystem_tab/structural_tank_block": {
    "criteria": {
      "iron": "2020-12-30 11:08:07 +0100"
    },
    "done": true
  },
  "minecraft:recipes/combat/shield": {
    "criteria": {
      "has_iron_ingot": "2020-12-30 11:08:07 +0100"
    },
    "done": true
  },
  "immersiveengineering:recipes/immersiveengineering/crafting/fluid_pipe": {
    "criteria": {
      "has_iron_plate": "2020-12-30 14:46:50 +0100"
    },
    "done": true
  },
  "immersiveengineering:recipes/immersiveengineering/crafting/voltmeter": {
    "criteria": {
      "has_copper_ingot": "2020-12-30 11:18:43 +0100"
    },
    "done": true
  },
  "botania:recipes/botania/terrasteel_chestplate": {
    "criteria": {
      "has_item": "2020-12-18 15:12:16 +0100"
    },
    "done": true
  },
  "minecraft:recipes/misc/bucket": {
    "criteria": {
      "has_iron_ingot": "2020-12-30 11:08:07 +0100"
    },
    "done": true
  },
  "xnet:recipes/xnet/redstoneproxy_update": {
    "criteria": {
      "torch": "2020-12-18 19:15:28 +0100"
    },
    "done": true
  },
  "rftoolsutility:recipes/rftoolsutility/redstone_module": {
    "criteria": {
      "ingot": "2020-12-30 11:08:07 +0100"
    },
    "done": true
  },
  "immersiveengineering:recipes/immersiveengineering/crafting/chute_aluminum": {
    "criteria": {
      "has_plate": "2020-12-30 14:47:54 +0100"
    },
    "done": true
  },
  "botania:recipes/botania/aura_ring_greater": {
    "criteria": {
      "has_item": "2020-12-18 15:12:16 +0100"
    },
    "done": true
  },
  "minecraft:recipes/redstone/hopper": {
    "criteria": {
      "has_iron_ingot": "2020-12-30 11:08:07 +0100"
    },
    "done": true
  },
  "biomesoplenty:recipes/transportation/magic_boat": {
    "criteria": {
      "in_water": "2020-12-18 19:56:28 +0100"
    },
    "done": true
  },
  "adventure:root": {
    "criteria": {
      "Block": "2020-12-24 10:40:02 +0100"
    },
    "done": true
  },
  "botania:recipes/botania/conversions/terrasteel_block_deconstruct": {
    "criteria": {
      "has_item": "2020-12-18 15:12:16 +0100"
    },
    "done": true
  },
  "immersiveengineering:recipes/immersiveengineering/crafting/armor_faraday_feet": {
    "criteria": {
      "has_alu_plate": "2020-12-30 14:47:54 +0100"
    },
    "done": true
  },
  "immersiveengineering:recipes/immersiveengineering/crafting/alu_fence": {
    "criteria": {
      "has_alu_ingot": "2020-12-20 14:07:22 +0100"
    },
    "done": true
  },
  "tombstone:adventure/first_grave": {
    "criteria": {
      "coded_trigger": "2020-12-20 18:18:22 +0100"
    },
    "done": true
  },
  "securitycraft:recipes/securitycraft/redstone_module": {
    "criteria": {
      "has_iron": "2020-12-30 11:08:07 +0100"
    },
    "done": true
  },
  "create:recipes/create.base/crafting/kinetics/whisk": {
    "criteria": {
      "has_item": "2020-12-30 14:46:50 +0100"
    },
    "done": true
  },
  "silents_mechanisms:root": {
    "criteria": {
      "get_item": "2020-12-20 14:07:34 +0100"
    },
    "done": true
  },
  "biomesoplenty:recipes/transportation/cherry_boat": {
    "criteria": {
      "in_water": "2020-12-18 19:56:28 +0100"
    },
    "done": true
  },
  "immersiveengineering:recipes/immersiveengineering/crafting/hoe_steel": {
    "criteria": {
      "has_steel_ingot": "2020-12-30 11:15:47 +0100"
    },
    "done": true
  },
  "silentgear:swords": {
    "criteria": {
      "machete": "2020-11-25 19:15:16 +0100"
    },
    "done": false
  },
  "ironchest:recipes/ironchest/chests/copper_silver_chest": {
    "criteria": {
      "has_item": "2020-12-30 11:42:33 +0100"
    },
    "done": true
  },
  "biomesoplenty:recipes/transportation/fir_boat": {
    "criteria": {
      "in_water": "2020-12-18 19:56:28 +0100"
    },
    "done": true
  },
  "immersiveengineering:recipes/immersiveengineering/crafting/drillhead_steel": {
    "criteria": {
      "has_steel_ingot": "2020-12-30 11:15:47 +0100"
    },
    "done": true
  },
  "minecraft:recipes/combat/iron_helmet": {
    "criteria": {
      "has_iron_ingot": "2020-12-30 11:08:07 +0100"
    },
    "done": true
  },
  "immersiveengineering:recipes/immersiveengineering/crafting/sheetmetal_iron": {
    "criteria": {
      "has_plate_iron": "2020-12-30 14:46:50 +0100"
    },
    "done": true
  },
  "securitycraft:recipes/securitycraft/security_camera": {
    "criteria": {
      "has_iron": "2020-12-30 11:08:07 +0100"
    },
    "done": true
  },
  "rftoolsutility:recipes/rftoolsutility/fluidplus_module": {
    "criteria": {
      "ingot": "2020-12-30 11:08:07 +0100"
    },
    "done": true
  },
  "securitycraft:recipes/securitycraft/door_indestructible_iron_item": {
    "criteria": {
      "has_iron": "2020-12-30 11:08:07 +0100"
    },
    "done": true
  },
  "rftoolsutility:recipes/rftoolsutility/clock_module": {
    "criteria": {
      "ingot": "2020-12-30 11:08:07 +0100"
    },
    "done": true
  },
  "botania:main/terrasteel_pickup": {
    "criteria": {
      "terrasteel": "2020-12-18 15:12:16 +0100"
    },
    "done": true
  },
  "ironchest:recipes/ironchest/upgrades/copper_to_silver_chest_upgrade": {
    "criteria": {
      "has_item": "2020-12-30 11:18:43 +0100"
    },
    "done": true
  },
  "minecraft:recipes/decorations/iron_bars": {
    "criteria": {
      "has_iron_ingot": "2020-12-30 11:08:07 +0100"
    },
    "done": true
  },
  "immersiveengineering:recipes/immersiveengineering/crafting/hammer": {
    "criteria": {
      "has_iron_ingot": "2020-12-30 11:08:07 +0100"
    },
    "done": true
  },
  "immersiveengineering:recipes/immersiveengineering/crafting/coil_mv": {
    "criteria": {
      "has_iron_ingot": "2020-12-30 11:08:07 +0100"
    },
    "done": true
  },
  "rftoolsutility:recipes/rftoolsutility/inventory_module": {
    "criteria": {
      "ingot": "2020-12-30 11:08:07 +0100"
    },
    "done": true
  },
  "botania:recipes/botania/terra_sword": {
    "criteria": {
      "has_item": "2020-12-18 15:12:16 +0100"
    },
    "done": true
  },
  "ironchest:recipes/ironchest/chests/silver_gold_chest": {
    "criteria": {
      "has_item": "2020-12-30 11:42:33 +0100"
    },
    "done": true
  },
  "immersiveengineering:recipes/immersiveengineering/crafting/armor_steel_legs": {
    "criteria": {
      "has_steel_plate": "2020-12-30 14:48:06 +0100"
    },
    "done": true
  },
  "usefulrailroads:recipes/double_track_builder": {
    "criteria": {
      "has_iron": "2020-12-30 11:08:07 +0100"
    },
    "done": true
  },
  "immersiveengineering:recipes/immersiveengineering/crafting/axe_steel": {
    "criteria": {
      "has_steel_ingot": "2020-12-30 11:15:47 +0100"
    },
    "done": true
  },
  "biomesoplenty:biomesoplenty/all_biomes": {
    "criteria": {
      "shrubland": "2020-12-18 19:13:36 +0100",
      "highland": "2020-12-18 19:57:14 +0100",
      "orchard": "2020-12-18 15:08:10 +0100",
      "alps": "2020-12-18 19:12:49 +0100",
      "dryland": "2020-12-18 19:16:01 +0100",
      "dry_boneyard": "2020-12-18 19:28:38 +0100",
      "highland_moor": "2020-12-18 19:57:23 +0100",
      "dead_forest": "2020-12-18 19:13:02 +0100",
      "highland_crag": "2020-12-18 19:57:22 +0100",
      "shrubland_hills": "2020-12-18 19:13:19 +0100",
      "burnt_forest": "2020-12-18 19:13:05 +0100"
    },
    "done": false
  },
  "minecraft:recipes/transportation/minecart": {
    "criteria": {
      "has_iron_ingot": "2020-12-30 11:08:07 +0100"
    },
    "done": true
  },
  "create:recipes/create.base/crafting/kinetics/encased_fan": {
    "criteria": {
      "has_item": "2020-12-30 14:46:50 +0100"
    },
    "done": true
  },
  "immersiveengineering:recipes/immersiveengineering/crafting/sawblade": {
    "criteria": {
      "has_steel_ingot": "2020-12-30 11:15:47 +0100"
    },
    "done": true
  },
  "immersiveengineering:recipes/immersiveengineering/crafting/ingot_steel_to_storage_steel": {
    "criteria": {
      "has_ingot_steel": "2020-12-30 11:15:48 +0100"
    },
    "done": true
  },
  "botania:recipes/misc/dye_light_blue": {
    "criteria": {
      "has_item": "2020-12-30 10:49:52 +0100"
    },
    "done": true
  },
  "minecraft:recipes/tools/iron_hoe": {
    "criteria": {
      "has_iron_ingot": "2020-12-30 11:08:07 +0100"
    },
    "done": true
  },
  "create:recipes/create.base/crafting/kinetics/mechanical_pump": {
    "criteria": {
      "has_item": "2020-12-30 11:18:43 +0100"
    },
    "done": true
  },
  "minecraft:husbandry/root": {
    "criteria": {
      "consumed_item": "2020-12-20 15:34:53 +0100"
    },
    "done": true
  },
  "minecraft:recipes/transportation/birch_boat": {
    "criteria": {
      "in_water": "2020-12-18 19:56:28 +0100"
    },
    "done": true
  },
  "botaniaadditions:recipes/botaniaadditions/terra_bow": {
    "criteria": {
      "has_item": "2020-12-18 15:12:16 +0100"
    },
    "done": true
  },
  "immersiveengineering:recipes/immersiveengineering/crafting/coil_lv": {
    "criteria": {
      "has_iron_ingot": "2020-12-30 11:08:07 +0100"
    },
    "done": true
  },
  "ironchest:recipes/ironchest/chests/copper_iron_chest": {
    "criteria": {
      "has_item": "2020-12-30 11:08:07 +0100"
    },
    "done": true
  },
  "minecraft:recipes/transportation/acacia_boat": {
    "criteria": {
      "in_water": "2020-12-18 19:56:28 +0100"
    },
    "done": true
  },
  "botania:recipes/botania/light_blue_petal_block": {
    "criteria": {
      "has_item": "2020-12-30 10:49:52 +0100"
    },
    "done": true
  },
  "minecraft:recipes/tools/iron_shovel": {
    "criteria": {
      "has_iron_ingot": "2020-12-30 11:08:07 +0100"
    },
    "done": true
  },
  "minecraft:recipes/redstone/iron_trapdoor": {
    "criteria": {
      "has_iron_ingot": "2020-12-30 11:08:07 +0100"
    },
    "done": true
  },
  "aquaculture:recipes/tools/iron_fillet_knife": {
    "criteria": {
      "has_items": "2020-12-30 11:08:07 +0100"
    },
    "done": true
  },
  "minecraft:recipes/decorations/light_blue_carpet_from_white_carpet": {
    "criteria": {
      "has_light_blue_dye": "2020-12-30 10:49:54 +0100"
    },
    "done": true
  },
  "aquaculture:recipes/tools/iron_fishing_rod": {
    "criteria": {
      "has_iron": "2020-12-30 11:08:07 +0100"
    },
    "done": true
  },
  "immersiveengineering:recipes/immersiveengineering/crafting/toolbox": {
    "criteria": {
      "has_iron_ingot": "2020-12-30 11:08:07 +0100"
    },
    "done": true
  },
  "minecraft:adventure/root": {
    "criteria": {
      "killed_by_something": "2020-12-20 18:18:22 +0100"
    },
    "done": true
  },
  "repurposed_structures:mineshafts": {
    "criteria": {
      "always": "2020-11-25 19:15:16 +0100"
    },
    "done": true
  },
  "immersiveengineering:recipes/immersiveengineering/crafting/connector_hv": {
    "criteria": {
      "has_aluminum_ingot": "2020-12-30 11:08:07 +0100"
    },
    "done": true
  },
  "immersiveengineering:recipes/immersiveengineering/crafting/component_iron": {
    "criteria": {
      "has_iron_ingot": "2020-12-30 11:08:07 +0100"
    },
    "done": true
  },
  "immersiveengineering:recipes/immersiveengineering/crafting/plate_iron_hammering": {
    "criteria": {
      "has_iron_ingot": "2020-12-30 11:08:07 +0100"
    },
    "done": true
  },
  "pneumaticcraft:oil_bucket": {
    "criteria": {
      "oil_bucket": "2020-12-18 20:03:06 +0100"
    },
    "done": true
  },
  "rftoolsutility:recipes/rftoolsutility/text_module": {
    "criteria": {
      "ingot": "2020-12-30 11:08:07 +0100"
    },
    "done": true
  },
  "securitycraft:recipes/securitycraft/storage_module": {
    "criteria": {
      "has_iron": "2020-12-30 11:08:07 +0100"
    },
    "done": true
  },
  "immersiveengineering:recipes/immersiveengineering/crafting/plate_silver_hammering": {
    "criteria": {
      "has_silver_ingot": "2020-12-30 11:42:33 +0100"
    },
    "done": true
  },
  "silentgems:luminous_flower_pot": {
    "criteria": {
      "get_pot": "2020-11-25 19:15:16 +0100"
    },
    "done": false
  },
  "repurposed_structures:fortresses": {
    "criteria": {
      "always": "2020-11-25 19:15:16 +0100"
    },
    "done": true
  },
  "bettershields:recipes/combat/iron_shield": {
    "criteria": {
      "has_iron_ingot": "2020-12-30 11:08:07 +0100"
    },
    "done": true
  },
  "minecraft:adventure/kill_all_mobs": {
    "criteria": {
      "minecraft:phantom": "2020-12-30 11:15:04 +0100"
    },
    "done": false
  },
  "repurposed_structures:ruined_portals": {
    "criteria": {
      "always": "2020-11-25 19:15:16 +0100"
    },
    "done": true
  },
  "psi:recipes/psi/cad_assembly_iron": {
    "criteria": {
      "has_iron": "2020-12-30 11:08:07 +0100"
    },
    "done": true
  },
  "immersiveengineering:recipes/immersiveengineering/crafting/wirecutter": {
    "criteria": {
      "has_iron_ingot": "2020-12-30 11:08:07 +0100"
    },
    "done": true
  },
  "fluidtank:recipes/tank/tank_silver": {
    "criteria": {
      "has_ingots/silver": "2020-12-30 11:42:33 +0100"
    },
    "done": true
  },
  "create:root": {
    "criteria": {
      "0": "2020-12-30 10:43:23 +0100"
    },
    "done": true
  },
  "minecraft:recipes/decorations/chain": {
    "criteria": {
      "has_iron_ingot": "2020-12-30 11:08:07 +0100"
    },
    "done": true
  },
  "usefulbackpacks:recipes/backpack_medium": {
    "criteria": {
      "has_small_backpack": "2020-11-25 19:15:16 +0100"
    },
    "done": true
  },
  "aiotbotania:recipes/aiotbotania/terra_shovel": {
    "criteria": {
      "has_material": "2020-12-18 15:12:16 +0100"
    },
    "done": true
  },
  "immersiveengineering:recipes/immersiveengineering/crafting/screwdriver": {
    "criteria": {
      "has_iron_ingot": "2020-12-30 11:08:07 +0100"
    },
    "done": true
  },
  "rftoolsbase:recipes/rftoolsbase/crafting_card": {
    "criteria": {
      "crafter": "2020-12-20 14:07:34 +0100"
    },
    "done": true
  },
  "minecraft:recipes/transportation/oak_boat": {
    "criteria": {
      "in_water": "2020-12-18 19:56:28 +0100"
    },
    "done": true
  },
  "immersiveengineering:recipes/immersiveengineering/crafting/connector_hv_relay": {
    "criteria": {
      "has_aluminum_ingot": "2020-12-30 11:08:07 +0100"
    },
    "done": true
  },
  "botania:recipes/botania/twig_wand": {
    "criteria": {
      "has_item": "2020-12-30 10:49:52 +0100"
    },
    "done": true
  },
  "botania:recipes/botania/petal_light_blue_double": {
    "criteria": {
      "has_alt_item": "2020-12-30 10:49:52 +0100"
    },
    "done": true
  },
  "repurposed_structures:shipwrecks": {
    "criteria": {
      "always": "2020-11-25 19:15:16 +0100"
    },
    "done": true
  },
  "create:recipes/create.base/crafting/kinetics/propeller": {
    "criteria": {
      "has_item": "2020-12-30 14:46:50 +0100"
    },
    "done": true
  },
  "botania:recipes/botania/thorn_chakram": {
    "criteria": {
      "has_item": "2020-12-18 15:12:16 +0100"
    },
    "done": true
  },
  "botania:main/terrasteel_weapon_craft": {
    "criteria": {
      "terrablade": "2020-12-18 15:16:04 +0100"
    },
    "done": true
  },
  "fluidtank:recipes/tank/tank_iron": {
    "criteria": {
      "has_ingots/iron": "2020-12-30 11:08:07 +0100"
    },
    "done": true
  },
  "immersiveengineering:recipes/immersiveengineering/crafting/steel_wallmount": {
    "criteria": {
      "has_steel_ingot": "2020-12-30 11:15:47 +0100"
    },
    "done": true
  },
  "immersiveengineering:recipes/immersiveengineering/crafting/radiator": {
    "criteria": {
      "has_copper_ingot": "2020-12-30 11:18:43 +0100"
    },
    "done": true
  },
  "immersiveengineering:recipes/immersiveengineering/crafting/pickaxe_steel": {
    "criteria": {
      "has_steel_ingot": "2020-12-30 11:15:47 +0100"
    },
    "done": true
  },
  "repurposed_structures:villages": {
    "criteria": {
      "always": "2020-11-25 19:15:16 +0100"
    },
    "done": true
  },
  "botania:recipes/botania/terraform_rod": {
    "criteria": {
      "has_item": "2020-12-18 15:12:16 +0100"
    },
    "done": true
  },
  "biomesoplenty:recipes/transportation/umbran_boat": {
    "criteria": {
      "in_water": "2020-12-18 19:56:28 +0100"
    },
    "done": true
  },
  "biomesoplenty:recipes/transportation/palm_boat": {
    "criteria": {
      "in_water": "2020-12-18 19:56:28 +0100"
    },
    "done": true
  },
  "botaniaadditions:recipes/botaniaadditions/terra_shovel": {
    "criteria": {
      "has_item": "2020-12-18 15:12:16 +0100"
    },
    "done": true
  },
  "immersiveengineering:recipes/immersiveengineering/crafting/storage_steel_to_ingot_steel": {
    "criteria": {
      "has_storage_steel": "2020-12-30 11:15:48 +0100"
    },
    "done": true
  },
  "immersiveengineering:recipes/immersiveengineering/crafting/rs_engineering": {
    "criteria": {
      "has_copper_ingot": "2020-12-30 11:18:43 +0100"
    },
    "done": true
  },
  "immersiveengineering:recipes/immersiveengineering/crafting/armor_steel_feet": {
    "criteria": {
      "has_steel_plate": "2020-12-30 14:48:06 +0100"
    },
    "done": true
  },
  "rftoolsutility:recipes/rftoolsutility/button_module": {
    "criteria": {
      "ingot": "2020-12-30 11:08:07 +0100"
    },
    "done": true
  },
  "botania:recipes/botania/mana_mirror": {
    "criteria": {
      "has_alt_item": "2020-12-18 15:12:16 +0100"
    },
    "done": true
  },
  "immersiveengineering:recipes/immersiveengineering/crafting/plate_copper_hammering": {
    "criteria": {
      "has_copper_ingot": "2020-12-30 11:18:43 +0100"
    },
    "done": true
  },
  "biomesoplenty:recipes/transportation/redwood_boat": {
    "criteria": {
      "in_water": "2020-12-18 19:56:28 +0100"
    },
    "done": true
  },
  "immersiveengineering:recipes/immersiveengineering/crafting/coil_hv": {
    "criteria": {
      "has_steel_ingot": "2020-12-30 11:15:47 +0100"
    },
    "done": true
  },
  "minecraft:recipes/building_blocks/iron_block": {
    "criteria": {
      "has_iron_ingot": "2020-12-30 11:08:07 +0100"
    },
    "done": true
  },
  "create:recipes/create.base/crafting/kinetics/copper_valve_handle_from_others": {
    "criteria": {
      "has_item": "2020-12-30 11:18:43 +0100"
    },
    "done": true
  },
  "immersiveengineering:recipes/immersiveengineering/crafting/speedloader": {
    "criteria": {
      "has_steel_ingot": "2020-12-30 11:15:47 +0100"
    },
    "done": true
  },
  "immersiveengineering:recipes/immersiveengineering/crafting/sheetmetal_steel": {
    "criteria": {
      "has_plate_steel": "2020-12-30 14:48:06 +0100"
    },
    "done": true
  },
  "apotheosis:spawner/root": {
    "criteria": {
      "game_start": "2020-11-25 19:15:16 +0100"
    },
    "done": true
  },
  "botania:recipes/botania/natura_pylon": {
    "criteria": {
      "has_alt_item": "2020-12-18 15:12:16 +0100"
    },
    "done": true
  },
  "silentgear:recipes/silentgear/iron_rod": {
    "criteria": {
      "has_item": "2020-12-30 11:08:07 +0100"
    },
    "done": true
  },
  "minecraft:recipes/misc/yellow_dye_from_dandelion": {
    "criteria": {
      "has_yellow_flower": "2020-12-30 10:49:41 +0100"
    },
    "done": true
  },
  "create:recipes/create.base/crafting/materials/andesite_alloy": {
    "criteria": {
      "has_item": "2020-12-30 11:08:07 +0100"
    },
    "done": true
  },
  "create:recipes/create.base/crafting/kinetics/super_glue": {
    "criteria": {
      "has_item": "2020-12-30 14:46:50 +0100"
    },
    "done": true
  },
  "tombstone:adventure/root": {
    "criteria": {
      "auto": "2020-11-25 19:15:16 +0100"
    },
    "done": true
  },
  "botania:recipes/botania/terra_pick": {
    "criteria": {
      "has_item": "2020-12-18 15:12:16 +0100"
    },
    "done": true
  },
  "rats:ratlantis/root": {
    "criteria": {
      "tick": "2020-12-24 10:40:02 +0100"
    },
    "done": true
  },
  "immersiveengineering:recipes/immersiveengineering/crafting/wirecoil_steel": {
    "criteria": {
      "has_steel_ingot": "2020-12-30 11:15:47 +0100"
    },
    "done": true
  },
  "repurposed_structures:temples": {
    "criteria": {
      "always": "2020-11-25 19:15:16 +0100"
    },
    "done": true
  },
  "securitycraft:recipes/securitycraft/smart_module": {
    "criteria": {
      "has_iron": "2020-12-30 11:08:07 +0100"
    },
    "done": true
  },
  "immersiveengineering:recipes/immersiveengineering/crafting/alu_scaffolding_standard": {
    "criteria": {
      "has_alu_ingot": "2020-12-20 14:07:22 +0100"
    },
    "done": true
  },
  "immersiveengineering:recipes/immersiveengineering/crafting/wire_steel": {
    "criteria": {
      "has_steel_ingot": "2020-12-30 11:15:47 +0100"
    },
    "done": true
  },
  "immersiveengineering:recipes/immersiveengineering/crafting/gunpart_hammer": {
    "criteria": {
      "has_ingot_steel": "2020-12-30 11:15:47 +0100"
    },
    "done": true
  },
  "minecraft:recipes/tools/iron_axe": {
    "criteria": {
      "has_iron_ingot": "2020-12-30 11:08:07 +0100"
    },
    "done": true
  },
  "immersiveengineering:recipes/immersiveengineering/crafting/wire_copper": {
    "criteria": {
      "has_copper_ingot": "2020-12-30 11:18:43 +0100"
    },
    "done": true
  },
  "immersiveengineering:recipes/immersiveengineering/crafting/rockcutter": {
    "criteria": {
      "has_steel_ingot": "2020-12-30 11:15:47 +0100"
    },
    "done": true
  },
  "minecraft:recipes/combat/iron_boots": {
    "criteria": {
      "has_iron_ingot": "2020-12-30 11:08:07 +0100"
    },
    "done": true
  },
  "botania:recipes/botania/terrasteel_boots": {
    "criteria": {
      "has_item": "2020-12-18 15:12:16 +0100"
    },
    "done": true
  },
  "biomesoplenty:biomesoplenty/root": {
    "criteria": {
      "orchard": "2020-12-18 15:08:10 +0100"
    },
    "done": true
  },
  "immersiveengineering:recipes/immersiveengineering/crafting/connector_structural": {
    "criteria": {
      "has_steel_ingot": "2020-12-30 11:15:47 +0100"
    },
    "done": true
  },
  "immersiveengineering:recipes/immersiveengineering/crafting/wirecoil_copper": {
    "criteria": {
      "has_copper_ingot": "2020-12-30 11:18:43 +0100"
    },
    "done": true
  },
  "immersiveengineering:recipes/immersiveengineering/crafting/armor_steel_head": {
    "criteria": {
      "has_steel_plate": "2020-12-30 14:48:06 +0100"
    },
    "done": true
  },
  "minecraft:story/root": {
    "criteria": {
      "crafting_table": "2020-12-20 14:07:34 +0100"
    },
    "done": true
  },
  "minecraft:recipes/combat/crossbow": {
    "criteria": {
      "has_iron_ingot": "2020-12-30 11:08:07 +0100"
    },
    "done": true
  },
  "minecraft:recipes/combat/iron_chestplate": {
    "criteria": {
      "has_iron_ingot": "2020-12-30 11:08:07 +0100"
    },
    "done": true
  },
  "create:recipes/create.base/crafting/kinetics/copper_valve_handle": {
    "criteria": {
      "has_item": "2020-12-30 11:18:43 +0100"
    },
    "done": true
  },
  "immersiveengineering:recipes/immersiveengineering/crafting/sheetmetal_aluminum": {
    "criteria": {
      "has_plate_aluminum": "2020-12-30 14:47:54 +0100"
    },
    "done": true
  },
  "comforts:rope_and_nail": {
    "criteria": {
      "has_iron": "2020-12-30 11:08:07 +0100"
    },
    "done": true
  },
  "immersiveengineering:recipes/immersiveengineering/crafting/steel_fence": {
    "criteria": {
      "has_steel_ingot": "2020-12-30 11:15:47 +0100"
    },
    "done": true
  },
  "create:recipes/create.base/crafting/kinetics/empty_blaze_burner": {
    "criteria": {
      "has_item": "2020-12-30 11:08:07 +0100"
    },
    "done": true
  },
  "silentgear:root": {
    "criteria": {
      "get_item": "2020-12-20 14:07:34 +0100"
    },
    "done": true
  },
  "immersiveengineering:recipes/immersiveengineering/crafting/stick_steel": {
    "criteria": {
      "has_steel_ingot": "2020-12-30 11:15:47 +0100"
    },
    "done": true
  },
  "immersiveengineering:recipes/immersiveengineering/crafting/plate_aluminum_hammering": {
    "criteria": {
      "has_aluminum_ingot": "2020-12-20 14:07:22 +0100"
    },
    "done": true
  },
  "immersiveengineering:recipes/immersiveengineering/crafting/shovel_steel": {
    "criteria": {
      "has_steel_ingot": "2020-12-30 11:15:47 +0100"
    },
    "done": true
  },
  "ironchest:recipes/ironchest/upgrades/iron_to_gold_chest_upgrade": {
    "criteria": {
      "has_iron_ingot": "2020-12-30 11:08:07 +0100"
    },
    "done": true
  },
  "securitycraft:recipes/securitycraft/trophy_system": {
    "criteria": {
      "has_iron": "2020-12-30 11:08:07 +0100"
    },
    "done": true
  },
  "minecraft:recipes/redstone/repeater": {
    "criteria": {
      "has_redstone_torch": "2020-12-18 19:15:28 +0100"
    },
    "done": true
  },
  "minecraft:adventure/kill_a_mob": {
    "criteria": {
      "minecraft:phantom": "2020-12-30 11:15:04 +0100"
    },
    "done": true
  },
  "securitycraft:recipes/securitycraft/camera_monitor": {
    "criteria": {
      "has_iron": "2020-12-30 11:08:07 +0100"
    },
    "done": true
  },
  "rftoolsutility:recipes/rftoolsutility/machineinformation_module": {
    "criteria": {
      "ingot": "2020-12-30 11:08:07 +0100"
    },
    "done": true
  },
  "immersiveengineering:recipes/immersiveengineering/crafting/sheetmetal_uranium": {
    "criteria": {
      "has_plate_uranium": "2020-12-30 14:47:39 +0100"
    },
    "done": true
  },
  "botania:recipes/botania/terra_axe": {
    "criteria": {
      "has_item": "2020-12-18 15:12:16 +0100"
    },
    "done": true
  },
  "silentgear:recipes/silentgear/rough_rod2": {
    "criteria": {
      "has_item": "2020-12-20 14:07:17 +0100"
    },
    "done": true
  },
  "immersiveengineering:recipes/immersiveengineering/crafting/gunpart_drum": {
    "criteria": {
      "has_ingot_steel": "2020-12-30 11:15:47 +0100"
    },
    "done": true
  },
  "biomesoplenty:recipes/transportation/hellbark_boat": {
    "criteria": {
      "in_water": "2020-12-18 19:56:28 +0100"
    },
    "done": true
  },
  "botania:recipes/botania/fertilizer_dye": {
    "criteria": {
      "has_item": "2020-12-30 10:49:54 +0100"
    },
    "done": true
  },
  "rftoolsutility:recipes/rftoolsutility/inventoryplus_module": {
    "criteria": {
      "ingot": "2020-12-30 11:08:07 +0100"
    },
    "done": true
  },
  "create:recipes/create.base/crafting/materials/copper_casing": {
    "criteria": {
      "has_item": "2020-12-30 11:18:43 +0100"
    },
    "done": true
  },
  "minecraft:adventure/adventuring_time": {
    "criteria": {
      "minecraft:cold_ocean": "2020-12-18 19:57:40 +0100",
      "minecraft:forest": "2020-12-18 19:13:22 +0100",
      "minecraft:deep_cold_ocean": "2020-12-18 19:56:22 +0100",
      "minecraft:birch_forest": "2020-12-18 19:15:30 +0100",
      "minecraft:beach": "2020-12-21 14:49:51 +0100",
      "minecraft:river": "2020-12-18 20:02:06 +0100",
      "minecraft:lukewarm_ocean": "2020-12-21 14:54:05 +0100",
      "minecraft:birch_forest_hills": "2020-12-18 19:15:18 +0100",
      "minecraft:swamp": "2020-12-21 16:53:09 +0100",
      "minecraft:plains": "2020-11-25 19:15:16 +0100"
    },
    "done": false
  },
  "minecraft:recipes/redstone/iron_door": {
    "criteria": {
      "has_iron_ingot": "2020-12-30 11:08:07 +0100"
    },
    "done": true
  },
  "immersiveengineering:recipes/immersiveengineering/crafting/capacitor_hv": {
    "criteria": {
      "has_aluminum_ingot": "2020-12-20 14:07:22 +0100"
    },
    "done": true
  },
  "ironchest:recipes/ironchest/chests/vanilla_iron_chest": {
    "criteria": {
      "has_iron_ingot": "2020-12-30 11:08:07 +0100"
    },
    "done": true
  },
  "repurposed_structures:outposts": {
    "criteria": {
      "always": "2020-11-25 19:15:16 +0100"
    },
    "done": true
  },
  "immersiveengineering:recipes/immersiveengineering/crafting/stick_aluminum": {
    "criteria": {
      "has_alu_ingot": "2020-12-20 14:07:22 +0100"
    },
    "done": true
  },
  "immersiveengineering:main/craft_hammer": {
    "criteria": {
      "hammer": "2020-12-30 10:54:10 +0100"
    },
    "done": true
  },
  "securitycraft:recipes/securitycraft/whitelist_module": {
    "criteria": {
      "has_iron": "2020-12-30 11:08:07 +0100"
    },
    "done": true
  },
  "silentgems:root": {
    "criteria": {
      "get_item": "2020-12-20 14:07:34 +0100"
    },
    "done": true
  },
  "dungeons_plus:adventure/find_tower": {
    "criteria": {
      "structure": "2020-12-18 15:09:23 +0100"
    },
    "done": true
  },
  "immersiveengineering:recipes/immersiveengineering/crafting/jerrycan": {
    "criteria": {
      "has_bucket": "2020-12-18 20:02:57 +0100"
    },
    "done": true
  },
  "rftoolsbuilder:recipes/rftoolsbuilder/shape_card_def": {
    "criteria": {
      "iron_ingot": "2020-12-30 11:08:07 +0100"
    },
    "done": true
  },
  "trashcans:recipes/search/liquid_trash_can": {
    "criteria": {
      "bucket": "2020-12-18 20:02:57 +0100"
    },
    "done": true
  },
  "minecraft:recipes/decorations/smithing_table": {
    "criteria": {
      "has_iron_ingot": "2020-12-30 11:08:07 +0100"
    },
    "done": true
  },
  "minecraft:recipes/transportation/jungle_boat": {
    "criteria": {
      "in_water": "2020-12-18 19:56:28 +0100"
    },
    "done": true
  },
  "rftoolsutility:recipes/rftoolsutility/energyplus_module": {
    "criteria": {
      "ingot": "2020-12-30 11:08:07 +0100"
    },
    "done": true
  },
  "rftoolsutility:recipes/rftoolsutility/energy_module": {
    "criteria": {
      "ingot": "2020-12-30 11:08:07 +0100"
    },
    "done": true
  },
  "immersiveengineering:recipes/immersiveengineering/crafting/light_engineering": {
    "criteria": {
      "has_copper_ingot": "2020-12-30 11:18:43 +0100"
    },
    "done": true
  },
  "immersiveengineering:recipes/immersiveengineering/crafting/wirecoil_structure_steel": {
    "criteria": {
      "has_steel_ingot": "2020-12-30 11:15:47 +0100"
    },
    "done": true
  },
  "immersiveengineering:recipes/immersiveengineering/crafting/powerpack": {
    "criteria": {
      "has_copper_ingot": "2020-12-30 11:18:43 +0100"
    },
    "done": true
  },
  "ironchest:recipes/ironchest/upgrades/wood_to_iron_chest_upgrade": {
    "criteria": {
      "has_iron_ingot": "2020-12-30 11:08:07 +0100"
    },
    "done": true
  },
  "botania:recipes/botania/petal_light_blue": {
    "criteria": {
      "has_alt_item": "2020-12-30 10:49:52 +0100"
    },
    "done": true
  },
  "minecraft:recipes/redstone/heavy_weighted_pressure_plate": {
    "criteria": {
      "has_iron_ingot": "2020-12-30 11:08:07 +0100"
    },
    "done": true
  },
  "minecraft:recipes/transportation/dark_oak_boat": {
    "criteria": {
      "in_water": "2020-12-18 19:56:28 +0100"
    },
    "done": true
  },
  "botania:recipes/botania/terrasteel_leggings": {
    "criteria": {
      "has_item": "2020-12-18 15:12:16 +0100"
    },
    "done": true
  },
  "ironchest:recipes/ironchest/chests/iron_silver_chest": {
    "criteria": {
      "has_item": "2020-12-30 11:42:33 +0100"
    },
    "done": true
  },
  "immersiveengineering:recipes/immersiveengineering/crafting/wirecoil_redstone": {
    "criteria": {
      "has_aluminum_ingot": "2020-12-20 14:07:22 +0100"
    },
    "done": true
  },
  "rftoolsbase:recipes/rftoolsbase/smartwrench": {
    "criteria": {
      "iron": "2020-12-30 11:08:07 +0100"
    },
    "done": true
  },
  "repurposed_structures:outpost/outpost_birch": {
    "criteria": {
      "in_outpost_birch": "2020-12-18 19:15:57 +0100"
    },
    "done": true
  },
  "create:recipes/create.base/crafting/kinetics/smart_fluid_pipe": {
    "criteria": {
      "has_item": "2020-12-30 11:18:43 +0100"
    },
    "done": true
  },
  "immersiveengineering:recipes/immersiveengineering/crafting/drillhead_iron": {
    "criteria": {
      "has_iron_ingot": "2020-12-30 11:08:07 +0100"
    },
    "done": true
  },
  "securitycraft:recipes/securitycraft/briefcase": {
    "criteria": {
      "has_iron": "2020-12-30 11:08:07 +0100"
    },
    "done": true
  },
  "immersiveengineering:recipes/immersiveengineering/crafting/empty_casing": {
    "criteria": {
      "has_coppper_ingot": "2020-12-30 11:18:43 +0100"
    },
    "done": true
  },
  "minecraft:recipes/decorations/lantern": {
    "criteria": {
      "has_iron_ingot": "2020-12-30 11:08:07 +0100"
    },
    "done": true
  },
  "immersiveengineering:recipes/immersiveengineering/crafting/chute_steel": {
    "criteria": {
      "has_plate": "2020-12-30 14:48:06 +0100"
    },
    "done": true
  },
  "biomesoplenty:recipes/transportation/jacaranda_boat": {
    "criteria": {
      "in_water": "2020-12-18 19:56:28 +0100"
    },
    "done": true
  },
  "immersiveengineering:recipes/immersiveengineering/crafting/component_steel": {
    "criteria": {
      "has_steel_ingot": "2020-12-30 11:15:47 +0100"
    },
    "done": true
  },
  "immersiveengineering:recipes/immersiveengineering/crafting/armor_faraday_legs": {
    "criteria": {
      "has_alu_plate": "2020-12-30 14:47:54 +0100"
    },
    "done": true
  },
  "botania:recipes/botania/mana_ring_greater": {
    "criteria": {
      "has_item": "2020-12-18 15:12:16 +0100"
    },
    "done": true
  },
  "immersiveengineering:recipes/immersiveengineering/crafting/connector_lv_relay": {
    "criteria": {
      "has_copper_ingot": "2020-12-30 11:18:43 +0100"
    },
    "done": true
  },
  "botania:recipes/botania/star_sword": {
    "criteria": {
      "has_terrasteel": "2020-12-18 15:12:16 +0100"
    },
    "done": true
  },
  "immersiveengineering:recipes/immersiveengineering/crafting/steel_scaffolding_standard": {
    "criteria": {
      "has_steel_ingot": "2020-12-30 11:15:47 +0100"
    },
    "done": true
  },
  "fluidtank:recipes/tank/tank_copper": {
    "criteria": {
      "has_ingots/copper": "2020-12-30 11:18:43 +0100"
    },
    "done": true
  },
  "immersiveengineering:recipes/immersiveengineering/crafting/wire_aluminum": {
    "criteria": {
      "has_aluminum_ingot": "2020-12-20 14:07:22 +0100"
    },
    "done": true
  },
  "immersiveengineering:recipes/immersiveengineering/crafting/armor_faraday_chest": {
    "criteria": {
      "has_alu_plate": "2020-12-30 14:47:54 +0100"
    },
    "done": true
  },
  "securitycraft:recipes/securitycraft/reinforced_fence_gate": {
    "criteria": {
      "has_iron": "2020-12-30 11:08:07 +0100"
    },
    "done": true
  },
  "immersiveengineering:recipes/immersiveengineering/crafting/fluid_placer": {
    "criteria": {
      "has_iron_plate": "2020-12-30 14:46:50 +0100"
    },
    "done": true
  },
  "minecraft:recipes/decorations/light_blue_stained_glass_pane_from_glass_pane": {
    "criteria": {
      "has_light_blue_dye": "2020-12-30 10:49:54 +0100"
    },
    "done": true
  },
  "create:recipes/create.base/crafting/kinetics/fluid_pipe": {
    "criteria": {
      "has_item": "2020-12-30 11:18:43 +0100"
    },
    "done": true
  },
  "minecraft:story/smelt_iron": {
    "criteria": {
      "iron": "2020-12-30 11:08:07 +0100"
    },
    "done": true
  },
  "silentgear:recipes/silentgear/sturdy_repair_kit": {
    "criteria": {
      "has_item": "2020-12-30 11:08:07 +0100"
    },
    "done": true
  },
  "securitycraft:recipes/securitycraft/disguise_module": {
    "criteria": {
      "has_iron": "2020-12-30 11:08:07 +0100"
    },
    "done": true
  },
  "create:recipes/create.base/crafting/kinetics/hose_pulley": {
    "criteria": {
      "has_item": "2020-12-30 11:18:43 +0100"
    },
    "done": true
  },
  "repurposed_structures:strongholds": {
    "criteria": {
      "always": "2020-11-25 19:15:16 +0100"
    },
    "done": true
  },
  "farlanders:root": {
    "criteria": {
      "attack": "2020-12-30 11:14:41 +0100"
    },
    "done": true
  },
  "repurposed_structures:root": {
    "criteria": {
      "always": "2020-11-25 19:15:16 +0100"
    },
    "done": true
  },
  "DataVersion": 2584
}